{"mean_partial_fit_time": [2.5420393161773682, 3.6071935834884643, 2.557433560371399, 2.5549147281646727, 3.3648005237579346, 3.555483744621277, 2.3190601654052734, 2.350544016838074, 2.4675226163864137, 14.337726996421814, 11.019630859375, 8.93536931324005, 13.207853170394898, 7.053084744453431, 8.546130288124084, 7.107060515403748, 5.440277567863465, 3.3464408798217775, 38.502445269584655, 15.830335787773132, 8.959010219573974, 2.1937474718093872, 5.53305746459961, 8.860378741264343, 5.2966606149673465, 2.922792226791382, 2.5896724090576173, 2.5558857831954955, 22.13791658782959], "mean_score_time": [0.8249095067977905, 0.8121242914199829, 0.8196910085678101, 0.8159062118530274, 0.807832160949707, 0.8054760217666626, 0.8346129579544067, 0.8843171281814575, 0.879297420501709, 1.1095383281707765, 1.9938529796600342, 1.0122854957580567, 1.2120969552993774, 0.8786313753128052, 0.8059046649932862, 0.8918327989578247, 0.8770292587280274, 0.8029036436080933, 10.357396521568297, 6.068204096794128, 1.0060081148147584, 0.8412373571395874, 0.88098814868927, 0.9885564937591552, 0.8764540424346924, 0.8254300842285156, 0.8449420328140259, 0.8244270572662353, 1.800133358001709], "std_partial_fit_time": [0.18969699252617314, 0.23010507090596935, 0.19309703438256584, 0.19680396783542276, 0.22710115579620227, 0.2248007564438398, 0.17059258736348606, 0.12119062176794786, 0.14077163669703638, 5.056169268308021, 6.232015084156129, 1.0038778439321283, 4.047245867132823, 1.0260869043968106, 1.0177412298892041, 0.9117926211741391, 0.4198582490225693, 0.2651402732929142, 17.233415629344485, 9.81322181225736, 0.9620818393895757, 0.10444083654522285, 0.4499761589724063, 1.0515607161927831, 0.4055853795789739, 0.2249724430629503, 0.2036143576674919, 0.1816158611630635, 7.121327404329985], "std_score_time": [0.10951148325671539, 0.06452883985098348, 0.11517394921728145, 0.11346420613749812, 0.07732896688818598, 0.06886728692509896, 0.11455446091222621, 0.1281741168788128, 0.12431861347721243, 0.3000084822243041, 1.2664065273191887, 0.0633460404871376, 0.8929132250311592, 0.06591602258192267, 0.060981974896096434, 0.08207832750779649, 0.07025253102754861, 0.07350100749434423, 4.767615109157478, 6.571001170308454, 0.06442627027102783, 0.1106508217384095, 0.16252567378428337, 0.06213978461121481, 0.0677705250396769, 0.16019703183184064, 0.11487627799458798, 0.1145789495200069, 1.1419260014078958], "test_score": [-3.1995444297790527, -4.846316814422607, -2.9259958267211914, -2.7748327255249023, -3.3943779468536377, -3.483509063720703, -6.05277681350708, -7.185635566711426, -3.412144422531128, -2.636516809463501, -2.8705673217773438, -2.876098394393921, -2.132260322570801, -3.228006601333618, -49.9853630065918, -3.515547513961792, -3.396832227706909, -2.9880270957946777, -3.479816198348999, -49.98381805419922, -2.2611031532287598, -2.701350688934326, -3.431766986846924, -2.733882427215576, -2.9515957832336426, -5.054676532745361, -2.114349365234375, -3.327643632888794, -2.5352487564086914], "model_id": [0, 1, 2, 3, 4, 5, 6, 7, 8, 9, 10, 11, 12, 13, 14, 15, 16, 17, 18, 19, 20, 21, 22, 23, 24, 25, 26, 27, 28], "params": [{"train_split": null, "optimizer__weight_decay": 8.296958520834916e-05, "optimizer__nesterov": true, "optimizer__momentum": 0.15815815815815815, "optimizer__lr": 0.04899933547366384, "optimizer": "SGD", "module__init": "xavier_uniform_", "module__activation": "LeakyReLU", "batch_size": 256}, {"train_split": null, "optimizer__weight_decay": 0.00019646866461804445, "optimizer__nesterov": true, "optimizer__momentum": 0.36436436436436437, "optimizer__lr": 0.04520174023414663, "optimizer": "SGD", "module__init": "kaiming_normal_", "module__activation": "PReLU", "batch_size": 128}, {"train_split": null, "optimizer__weight_decay": 0.00010544427935261685, "optimizer__nesterov": true, "optimizer__momentum": 0.40040040040040037, "optimizer__lr": 3.564938581802018, "optimizer": "SGD", "module__init": "kaiming_uniform_", "module__activation": "LeakyReLU", "batch_size": 256}, {"train_split": null, "optimizer__weight_decay": 0.0002578762887593801, "optimizer__nesterov": true, "optimizer__momentum": 0.9179179179179179, "optimizer__lr": 0.21420560511935155, "optimizer": "SGD", "module__init": "xavier_uniform_", "module__activation": "LeakyReLU", "batch_size": 256}, {"train_split": null, "optimizer__weight_decay": 3.284857366030047e-05, "optimizer__nesterov": true, "optimizer__momentum": 0.03203203203203203, "optimizer__lr": 0.5607234882852032, "optimizer": "SGD", "module__init": "kaiming_uniform_", "module__activation": "LeakyReLU", "batch_size": 128}, {"train_split": null, "optimizer__weight_decay": 0.00011195643194838783, "optimizer__nesterov": true, "optimizer__momentum": 0.5185185185185185, "optimizer__lr": 0.35567312527036726, "optimizer": "SGD", "module__init": "xavier_uniform_", "module__activation": "PReLU", "batch_size": 128}, {"train_split": null, "optimizer__weight_decay": 0, "optimizer__nesterov": true, "optimizer__momentum": 0.14214214214214213, "optimizer__lr": 0.07636298261282241, "optimizer": "SGD", "module__init": "kaiming_uniform_", "module__activation": "ReLU", "batch_size": 256}, {"train_split": null, "optimizer__weight_decay": 0, "optimizer__nesterov": true, "optimizer__momentum": 0.6726726726726726, "optimizer__lr": 0.11234417272482572, "optimizer": "SGD", "module__init": "xavier_normal_", "module__activation": "PReLU", "batch_size": 512}, {"train_split": null, "optimizer__weight_decay": 5.764488282925873e-05, "optimizer__nesterov": true, "optimizer__momentum": 0.6776776776776777, "optimizer__lr": 0.5838029245750189, "optimizer": "SGD", "module__init": "xavier_uniform_", "module__activation": "PReLU", "batch_size": 512}, {"train_split": null, "optimizer__weight_decay": 0.00016414029711444664, "optimizer__nesterov": true, "optimizer__momentum": 0.2732732732732733, "optimizer__lr": 3.909237823445728, "optimizer": "Adam", "module__init": "xavier_uniform_", "module__activation": "ReLU", "batch_size": 32}, {"train_split": null, "optimizer__weight_decay": 0.00011041880508541602, "optimizer__nesterov": true, "optimizer__momentum": 0.9459459459459459, "optimizer__lr": 0.8393129498166364, "optimizer": "Adam", "module__init": "kaiming_uniform_", "module__activation": "ReLU", "batch_size": 64}, {"train_split": null, "optimizer__weight_decay": 0.0001589282865622978, "optimizer__nesterov": true, "optimizer__momentum": 0.8408408408408409, "optimizer__lr": 0.10423606739764017, "optimizer": "SGD", "module__init": "kaiming_uniform_", "module__activation": "ELU", "batch_size": 32}, {"train_split": null, "optimizer__weight_decay": 0.0009161402457138521, "optimizer__nesterov": true, "optimizer__momentum": 0.2182182182182182, "optimizer__lr": 3.4043329793658708, "optimizer": "Adam", "module__init": "kaiming_uniform_", "module__activation": "ELU", "batch_size": 32}, {"train_split": null, "optimizer__weight_decay": 6.868103588995308e-05, "optimizer__nesterov": true, "optimizer__momentum": 0.933933933933934, "optimizer__lr": 0.2033800305846981, "optimizer": "Adam", "module__init": "xavier_uniform_", "module__activation": "ELU", "batch_size": 64}, {"train_split": null, "optimizer__weight_decay": 0, "optimizer__nesterov": true, "optimizer__momentum": 0.24424424424424424, "optimizer__lr": 8.860280018263818, "optimizer": "Adam", "module__init": "xavier_normal_", "module__activation": "PReLU", "batch_size": 64}, {"train_split": null, "optimizer__weight_decay": 4.7717609489387505e-05, "optimizer__nesterov": true, "optimizer__momentum": 0.8558558558558559, "optimizer__lr": 1.5370453687116545, "optimizer": "Adam", "module__init": "xavier_normal_", "module__activation": "ELU", "batch_size": 64}, {"train_split": null, "optimizer__weight_decay": 0.00023300614106969248, "optimizer__nesterov": true, "optimizer__momentum": 0.6486486486486487, "optimizer__lr": 0.10423606739764017, "optimizer": "SGD", "module__init": "xavier_uniform_", "module__activation": "PReLU",