{"mean_partial_fit_time": [3.449147939682007, 4.120407581329346, 3.163871645927429, 3.1136993169784546, 3.908863663673401, 4.260736584663391, 3.2500829696655273, 3.108324885368347, 3.1910139322280884, 9.606107831001282, 6.917855620384216, 8.226565480232239, 11.367846886316935, 9.490835587183634], "mean_score_time": [1.1719738245010376, 1.1977869272232056, 1.090395212173462, 1.1635584831237793, 1.1104453802108765, 1.1803175210952759, 1.1558696031570435, 1.153312087059021, 1.1455178260803223, 1.4038983583450317, 1.198696494102478, 1.4921079874038696, 1.4604545434315999, 1.2229335308074951], "std_partial_fit_time": [0.04698586463928223, 0.2613210678100586, 0.12719523906707764, 0.36842072010040283, 0.11915004253387451, 0.09297525882720947, 0.09721827507019043, 0.0793377161026001, 0.01351320743560791, 2.377259135246277, 0.030405402183532715, 0.22509801387786865, 0.6812185171930959, 1.2437091606354997], "std_score_time": [0.01125800609588623, 0.0451892614364624, 0.007979393005371094, 0.010089874267578125, 0.009581923484802246, 0.03194534778594971, 0.006530165672302246, 0.030820488929748535, 0.0036461353302001953, 0.014121651649475098, 0.007556796073913574, 0.055774569511413574, 0.014519144069484544, 0.024937919939290128], "test_score": [-0.784129798412323, -1.6460254192352295, -2.5066118240356445, -2.4301962852478027, -2.218050718307495, -2.2166242599487305, -1.2413793802261353, -1.5032137632369995, -2.07818341255188, -2.4966256618499756, -2.675715208053589, -2.772975444793701, -2.1820309162139893, -49.96223831176758], "model_id": [0, 1, 2, 3, 4, 5, 6, 7, 8, 9, 10, 11, 12, 13], "params": [{"train_split": null, "optimizer__weight_decay": 8.296958520834916e-05, "optimizer__nesterov": true, "optimizer__momentum": 0.15815815815815815, "optimizer__lr": 0.04899933547366384, "optimizer": "SGD", "module__init": "xavier_uniform_", "module__activation": "LeakyReLU", "batch_size": 256}, {"train_split": null, "optimizer__weight_decay": 0.00019646866461804445, "optimizer__nesterov": true, "optimizer__momentum": 0.36436436436436437, "optimizer__lr": 0.04520174023414663, "optimizer": "SGD", "module__init": "kaiming_normal_", "module__activation": "PReLU", "batch_size": 128}, {"train_split": null, "optimizer__weight_decay": 0.00010544427935261685, "optimizer__nesterov": true, "optimizer__momentum": 0.40040040040040037, "optimizer__lr": 3.564938581802018, "optimizer": "SGD", "module__init": "kaiming_uniform_", "module__activation": "LeakyReLU", "batch_size": 256}, {"train_split": null, "optimizer__weight_decay": 0.0002578762887593801, "optimizer__nesterov": true, "optimizer__momentum": 0.9179179179179179, "optimizer__lr": 0.21420560511935155, "optimizer": "SGD", "module__init": "xavier_uniform_", "module__activation": "LeakyReLU", "batch_size": 256}, {"train_split": null, "optimizer__weight_decay": 3.284857366030047e-05, "optimizer__nesterov": true, "optimizer__momentum": 0.03203203203203203, "optimizer__lr": 0.5607234882852032, "optimizer": "SGD", "module__init": "kaiming_uniform_", "module__activation": "LeakyReLU", "batch_size": 128}, {"train_split": null, "optimizer__weight_decay": 0.00011195643194838783, "optimizer__nesterov": true, "optimizer__momentum": 0.5185185185185185, "optimizer__lr": 0.35567312527036726, "optimizer": "SGD", "module__init": "xavier_uniform_", "module__activation": "PReLU", "batch_size": 128}, {"train_split": null, "optimizer__weight_decay": 0, "optimizer__nesterov": true, "optimizer__momentum": 0.14214214214214213, "optimizer__lr": 0.07636298261282241, "optimizer": "SGD", "module__init": "kaiming_uniform_", "module__activation": "ReLU", "batch_size": 256}, {"train_split": null, "optimizer__weight_decay": 0, "optimizer__nesterov": true, "optimizer__momentum": 0.6726726726726726, "optimizer__lr": 0.11234417272482572, "optimizer": "SGD", "module__init": "xavier_normal_", "module__activation": "PReLU", "batch_size": 512}, {"train_split": null, "optimizer__weight_decay": 5.764488282925873e-05, "optimizer__nesterov": true, "optimizer__momentum": 0.6776776776776777, "optimizer__lr": 0.5838029245750189, "optimizer": "SGD", "module__init": "xavier_uniform_", "module__activation": "PReLU", "batch_size": 512}, {"train_split": null, "optimizer__weight_decay": 0.00016414029711444664, "optimizer__nesterov": true, "optimizer__momentum": 0.2732732732732733, "optimizer__lr": 3.909237823445728, "optimizer": "Adam", "module__init": "xavier_uniform_", "module__activation": "ReLU", "batch_size": 32}, {"train_split": null, "optimizer__weight_decay": 0.00011041880508541602, "optimizer__nesterov": true, "optimizer__momentum": 0.9459459459459459, "optimizer__lr": 0.8393129498166364, "optimizer": "Adam", "module__init": "kaiming_uniform_", "module__activation": "ReLU", "batch_size": 64}, {"train_split": null, "optimizer__weight_decay": 0.0001589282865622978, "optimizer__nesterov": true, "optimizer__momentum": 0.8408408408408409, "optimizer__lr": 0.10423606739764017, "optimizer": "SGD", "module__init": "kaiming_uniform_", "module__activation": "ELU", "batch_size": 32}, {"train_split": null, "optimizer__weight_decay": 0.0009161402457138521, "optimizer__nesterov": true, "optimizer__momentum": 0.2182182182182182, "optimizer__lr": 3.4043329793658708, "optimizer": "Adam", "module__init": "kaiming_uniform_", "module__activation": "ELU", "batch_size": 32}, {"train_split": null, "optimizer__weight_decay": 6.868103588995308e-05, "optimizer__nesterov": true, "optimizer__momentum": 0.933933933933934, "optimizer__lr": 0.2033800305846981, "optimizer": "Adam", "module__init": "xavier_uniform_", "module__activation": "ELU", "batch_size": 64}], "partial_fit_calls": [2, 2, 2, 2, 2, 2, 2, 2, 2, 2, 2, 2, 3, 3], "param_train_split": [null, null, null, null, null, null, null, null, null, null, null, null, null, null], "param_optimizer__weight_decay": [8.296958520834916e-05, 0.00019646866461804445, 0.00010544427935261685, 0.0002578762887593801, 3.284857366030047e-05, 0.00011195643194838783, 0.0, 0.0, 5.764488282925873e-05, 0.00016414029711444664, 0.00011041880508541602, 0.0001589282865622978, 0.0009161402457138521, 6.868103588995308e-05], "param_optimizer__nesterov": [true, true, true, true, true, true, true, true, true, true, true, true, true, true], "param_optimizer__momentum": [0.15815815815815815, 0.36436436436436437, 0.40040040040040037, 0.9179179179179179, 0.03203203203203203, 0.5185185185185185, 0.14214214214214213, 0.6726726726726726, 0.6776776776776777, 0.2732732732732733, 0.9459459459459459, 0.8408408408408409, 0.2182182182182182, 0.933933933933934], "param_optimizer__lr": [0.04899933547366384, 0.04520174023414663, 3.564938581802018, 0.21420560511935155, 0.5607234882852032, 0.35567312527036726, 0.07636298261282241, 0.11234417272482572, 0.5838029245750189, 3.909237823445728, 0.8393129498166364, 0.10423606739764017, 3.4043329793658708, 0.2033800305846981], "param_optimizer": ["SGD", "SGD", "SGD", "SGD", "SGD", "SGD", "SGD", "SGD", "SGD", "Adam", "Adam", "SGD", "Adam", "Adam"], "param_module__init": ["xavier_uniform_", "kaiming_normal_", "kaiming_uniform_", "xavier_uniform_", "kaiming_uniform_", "xavier_uniform_", "kaiming_uniform_", "xavier_normal_", "xavier_uniform_", "xavier_uniform_", "kaiming_uniform_", "kaiming_uniform_", "kaiming_uniform_", "xavier_uniform_"], "param_module__activation": ["LeakyReLU", "PReLU", "LeakyReLU", "LeakyReLU", "LeakyReLU", "PReLU", "ReLU", "PReLU", "PReLU", "ReLU", "ReLU", "ELU", "ELU", "ELU"], "param_batch_size": [256, 128, 256, 256, 128, 128, 256, 512, 512, 32, 64, 32, 32, 64], "rank_test_score": [1, 4, 11, 9, 8, 7, 2, 3, 5, 10, 12, 13, 6, 14]}