{"mean_partial_fit_time": [2.6547988653182983, 4.053947329521179, 3.788051128387451, 2.582893967628479, 3.625016689300537, 3.8757065534591675, 2.4907989501953125, 2.439741849899292, 2.3940725326538086, 16.508441925048828, 6.958920121192932, 9.433915972709656, 11.852662563323975, 6.3793559074401855], "mean_score_time": [0.8423631191253662, 0.9599909782409668, 0.8152246475219727, 0.8360952138900757, 0.7919614315032959, 0.8673185110092163, 0.8427637815475464, 0.8730882406234741, 0.8484199047088623, 1.0587975978851318, 0.8647967576980591, 0.9543846845626831, 0.9738651116689047, 0.8674039840698242], "std_partial_fit_time": [0.06559789180755615, 0.0028220415115356445, 1.1085355281829834, 0.10184371471405029, 0.02789449691772461, 0.04204761981964111, 0.07914185523986816, 0.0396883487701416, 0.049227237701416016, 3.746031123220193, 0.04134643077850342, 0.09842169284820557, 0.8234490592154995, 0.9076905250549316], "std_score_time": [0.031322479248046875, 0.018773555755615234, 0.00345611572265625, 0.046489596366882324, 0.030005216598510742, 0.082008957862854, 0.04146897792816162, 0.002781510353088379, 0.0487523078918457, 0.14907447576004204, 0.04724133014678955, 0.00339353084564209, 0.012348964414312703, 0.0465550422668457], "test_score": [-0.800141453742981, -1.642218828201294, -2.1118669509887695, -2.402500867843628, -2.236539602279663, -2.2165966033935547, -1.2270174026489258, -1.492542028427124, -2.0878493785858154, -2.780323028564453, -2.627264976501465, -2.776466131210327, -2.174124002456665, -2.7080538272857666], "model_id": [0, 1, 2, 3, 4, 5, 6, 7, 8, 9, 10, 11, 12, 13], "params": [{"train_split": null, "optimizer__weight_decay": 8.296958520834916e-05, "optimizer__nesterov": true, "optimizer__momentum": 0.15815815815815815, "optimizer__lr": 0.04899933547366384, "optimizer": "SGD", "module__init": "xavier_uniform_", "module__activation": "LeakyReLU", "batch_size": 256}, {"train_split": null, "optimizer__weight_decay": 0.00019646866461804445, "optimizer__nesterov": true, "optimizer__momentum": 0.36436436436436437, "optimizer__lr": 0.04520174023414663, "optimizer": "SGD", "module__init": "kaiming_normal_", "module__activation": "PReLU", "batch_size": 128}, {"train_split": null, "optimizer__weight_decay": 0.00010544427935261685, "optimizer__nesterov": true, "optimizer__momentum": 0.40040040040040037, "optimizer__lr": 3.564938581802018, "optimizer": "SGD", "module__init": "kaiming_uniform_", "module__activation": "LeakyReLU", "batch_size": 256}, {"train_split": null, "optimizer__weight_decay": 0.0002578762887593801, "optimizer__nesterov": true, "optimizer__momentum": 0.9179179179179179, "optimizer__lr": 0.21420560511935155, "optimizer": "SGD", "module__init": "xavier_uniform_", "module__activation": "LeakyReLU", "batch_size": 256}, {"train_split": null, "optimizer__weight_decay": 3.284857366030047e-05, "optimizer__nesterov": true, "optimizer__momentum": 0.03203203203203203, "optimizer__lr": 0.5607234882852032, "optimizer": "SGD", "module__init": "kaiming_uniform_", "module__activation": "LeakyReLU", "batch_size": 128}, {"train_split": null, "optimizer__weight_decay": 0.00011195643194838783, "optimizer__nesterov": true, "optimizer__momentum": 0.5185185185185185, "optimizer__lr": 0.35567312527036726, "optimizer": "SGD", "module__init": "xavier_uniform_", "module__activation": "PReLU", "batch_size": 128}, {"train_split": null, "optimizer__weight_decay": 0, "optimizer__nesterov": true, "optimizer__momentum": 0.14214214214214213, "optimizer__lr": 0.07636298261282241, "optimizer": "SGD", "module__init": "kaiming_uniform_", "module__activation": "ReLU", "batch_size": 256}, {"train_split": null, "optimizer__weight_decay": 0, "optimizer__nesterov": true, "optimizer__momentum": 0.6726726726726726, "optimizer__lr": 0.11234417272482572, "optimizer": "SGD", "module__init": "xavier_normal_", "module__activation": "PReLU", "batch_size": 512}, {"train_split": null, "optimizer__weight_decay": 5.764488282925873e-05, "optimizer__nesterov": true, "optimizer__momentum": 0.6776776776776777, "optimizer__lr": 0.5838029245750189, "optimizer": "SGD", "module__init": "xavier_uniform_", "module__activation": "PReLU", "batch_size": 512}, {"train_split": null, "optimizer__weight_decay": 0.00016414029711444664, "optimizer__nesterov": true, "optimizer__momentum": 0.2732732732732733, "optimizer__lr": 3.909237823445728, "optimizer": "Adam", "module__init": "xavier_uniform_", "module__activation": "ReLU", "batch_size": 32}, {"train_split": null, "optimizer__weight_decay": 0.00011041880508541602, "optimizer__nesterov": true, "optimizer__momentum": 0.9459459459459459, "optimizer__lr": 0.8393129498166364, "optimizer": "Adam", "module__init": "kaiming_uniform_", "module__activation": "ReLU", "batch_size": 64}, {"train_split": null, "optimizer__weight_decay": 0.0001589282865622978, "optimizer__nesterov": true, "optimizer__momentum": 0.8408408408408409, "optimizer__lr": 0.10423606739764017, "optimizer": "SGD", "module__init": "kaiming_uniform_", "module__activation": "ELU", "batch_size": 32}, {"train_split": null, "optimizer__weight_decay": 0.0009161402457138521, "optimizer__nesterov": true, "optimizer__momentum": 0.2182182182182182, "optimizer__lr": 3.4043329793658708, "optimizer": "Adam", "module__init": "kaiming_uniform_", "module__activation": "ELU", "batch_size": 32}, {"train_split": null, "optimizer__weight_decay": 6.868103588995308e-05, "optimizer__nesterov": true, "optimizer__momentum": 0.933933933933934, "optimizer__lr": 0.2033800305846981, "optimizer": "Adam", "module__init": "xavier_uniform_", "module__activation": "ELU", "batch_size": 64}], "partial_fit_calls": [2, 2, 2, 2, 2, 2, 2, 2, 2, 3, 2, 2, 3, 2], "param_train_split": [null, null, null, null, null, null, null, null, null, null, null, null, null, null], "param_optimizer__weight_decay": [8.296958520834916e-05, 0.00019646866461804445, 0.00010544427935261685, 0.0002578762887593801, 3.284857366030047e-05, 0.00011195643194838783, 0.0, 0.0, 5.764488282925873e-05, 0.00016414029711444664, 0.00011041880508541602, 0.0001589282865622978, 0.0009161402457138521, 6.868103588995308e-05], "param_optimizer__nesterov": [true, true, true, true, true, true, true, true, true, true, true, true, true, true], "param_optimizer__momentum": [0.15815815815815815, 0.36436436436436437, 0.40040040040040037, 0.9179179179179179, 0.03203203203203203, 0.5185185185185185, 0.14214214214214213, 0.6726726726726726, 0.6776776776776777, 0.2732732732732733, 0.9459459459459459, 0.8408408408408409, 0.2182182182182182, 0.933933933933934], "param_optimizer__lr": [0.04899933547366384, 0.04520174023414663, 3.564938581802018, 0.21420560511935155, 0.5607234882852032, 0.35567312527036726, 0.07636298261282241, 0.11234417272482572, 0.5838029245750189, 3.909237823445728, 0.8393129498166364, 0.10423606739764017, 3.4043329793658708, 0.2033800305846981], "param_optimizer": ["SGD", "SGD", "SGD", "SGD", "SGD", "SGD", "SGD", "SGD", "SGD", "Adam", "Adam", "SGD", "Adam", "Adam"], "param_module__init": ["xavier_uniform_", "kaiming_normal_", "kaiming_uniform_", "xavier_uniform_", "kaiming_uniform_", "xavier_uniform_", "kaiming_uniform_", "xavier_normal_", "xavier_uniform_", "xavier_uniform_", "kaiming_uniform_", "kaiming_uniform_", "kaiming_uniform_", "xavier_uniform_"], "param_module__activation": ["LeakyReLU", "PReLU", "LeakyReLU", "LeakyReLU", "LeakyReLU", "PReLU", "ReLU", "PReLU", "PReLU", "ReLU", "ReLU", "ELU", "ELU", "ELU"], "param_batch_size": [256, 128, 256, 256, 128, 128, 256, 512, 512, 32, 64, 32, 32, 64], "rank_test_score": [1, 4, 6, 10, 9, 8, 2, 3, 5, 14, 11, 13, 7, 12]}